City_ID,City,Country,Date,Lat,Lng,Max Temp,Humidity,Cloudiness,Wind Speed
0,La Asuncion,US,2020-10-19 14:13:09,33.03,-115.42,294.15,32,20,0.66
1,Huaraz,US,2020-10-19 14:13:10,33.03,-115.42,294.15,32,20,0.66
2,Ushuaia,US,2020-10-19 14:13:10,33.03,-115.42,294.15,32,20,0.66
3,Samusu,US,2020-10-19 14:13:09,33.03,-115.42,294.15,32,20,0.66
4,Hobart,US,2020-10-19 14:13:10,33.03,-115.42,294.15,32,20,0.66
5,Hithadhoo,US,2020-10-19 14:13:09,33.03,-115.42,294.15,32,20,0.66
6,Barrow,US,2020-10-19 14:13:10,33.03,-115.42,294.15,32,20,0.66
7,Pisco,US,2020-10-19 14:13:09,33.03,-115.42,294.15,32,20,0.66
8,Punta Arenas,US,2020-10-19 14:13:09,33.03,-115.42,294.15,32,20,0.66
9,Hami,US,2020-10-19 14:13:10,33.03,-115.42,294.15,32,20,0.66
10,Kloulklubed,US,2020-10-19 14:13:10,33.03,-115.42,294.15,32,20,0.66
11,Hilo,US,2020-10-19 14:13:11,33.03,-115.42,294.15,32,20,0.66
12,Vaini,US,2020-10-19 14:13:09,33.03,-115.42,294.15,32,20,0.66
13,Saint-Philippe,US,2020-10-19 14:13:10,33.03,-115.42,294.15,32,20,0.66
14,Belushya Guba,US,2020-10-19 14:13:10,33.03,-115.42,294.15,32,20,0.66
15,Chokurdakh,US,2020-10-19 14:13:09,33.03,-115.42,294.15,32,20,0.66
16,Chuy,US,2020-10-19 14:13:09,33.03,-115.42,294.15,32,20,0.66
17,Grand River South East,US,2020-10-19 14:13:11,33.03,-115.42,294.15,32,20,0.66
18,Tuktoyaktuk,US,2020-10-19 14:13:09,33.03,-115.42,294.15,32,20,0.66
19,Kavieng,US,2020-10-19 14:13:10,33.03,-115.42,294.15,32,20,0.66
20,Albany,US,2020-10-19 14:13:10,33.03,-115.42,294.15,32,20,0.66
21,East London,US,2020-10-19 14:13:10,33.03,-115.42,294.15,32,20,0.66
22,Mataura,US,2020-10-19 14:13:09,33.03,-115.42,294.15,32,20,0.66
23,Berea,US,2020-10-19 14:13:11,33.03,-115.42,294.15,32,20,0.66
24,Mar Del Plata,US,2020-10-19 14:13:10,33.03,-115.42,294.15,32,20,0.66
25,Marsh Harbour,US,2020-10-19 14:13:10,33.03,-115.42,294.15,32,20,0.66
26,Puerto Ayora,US,2020-10-19 14:13:10,33.03,-115.42,294.15,32,20,0.66
27,Aden,US,2020-10-19 14:13:10,33.03,-115.42,294.15,32,20,0.66
28,Satuk,US,2020-10-19 14:13:10,33.03,-115.42,294.15,32,20,0.66
29,Port Alfred,US,2020-10-19 14:13:10,33.03,-115.42,294.15,32,20,0.66
30,Caravelas,US,2020-10-19 14:13:10,33.03,-115.42,294.15,32,20,0.66
31,Vaitupu,US,2020-10-19 14:13:11,33.03,-115.42,294.15,32,20,0.66
32,Jamestown,US,2020-10-19 14:13:09,33.03,-115.42,294.15,32,20,0.66
33,Bonavista,US,2020-10-19 14:13:09,33.03,-115.42,294.15,32,20,0.66
34,Rundu,US,2020-10-19 14:13:10,33.03,-115.42,294.15,32,20,0.66
35,Atuona,US,2020-10-19 14:13:10,33.03,-115.42,294.15,32,20,0.66
36,Tasiilaq,US,2020-10-19 14:13:09,33.03,-115.42,294.15,32,20,0.66
37,Honiara,US,2020-10-19 14:13:09,33.03,-115.42,294.15,32,20,0.66
38,Safaga,US,2020-10-19 14:13:09,33.03,-115.42,294.15,32,20,0.66
39,Langen,US,2020-10-19 14:13:10,33.03,-115.42,294.15,32,20,0.66
40,Kodiak,US,2020-10-19 14:13:10,33.03,-115.42,294.15,32,20,0.66
41,Jizan,US,2020-10-19 14:13:11,33.03,-115.42,294.15,32,20,0.66
42,Kazalinsk,US,2020-10-19 14:13:09,33.03,-115.42,294.15,32,20,0.66
43,New Norfolk,US,2020-10-19 14:13:10,33.03,-115.42,294.15,32,20,0.66
44,Nikolskoye,US,2020-10-19 14:13:10,33.03,-115.42,294.15,32,20,0.66
45,Saint George,US,2020-10-19 14:13:10,33.03,-115.42,294.15,32,20,0.66
46,Sentyabrskiy,US,2020-10-19 14:13:09,33.03,-115.42,294.15,32,20,0.66
47,Airai,US,2020-10-19 14:13:09,33.03,-115.42,294.15,32,20,0.66
48,Kirakira,US,2020-10-19 14:13:10,33.03,-115.42,294.15,32,20,0.66
49,Leningradskiy,US,2020-10-19 14:13:11,33.03,-115.42,294.15,32,20,0.66
50,Tomari,US,2020-10-19 14:13:09,33.03,-115.42,294.15,32,20,0.66
51,Lukovetskiy,US,2020-10-19 14:13:11,33.03,-115.42,294.15,32,20,0.66
52,Outjo,US,2020-10-19 14:13:11,33.03,-115.42,294.15,32,20,0.66
53,Miranorte,US,2020-10-19 14:13:10,33.03,-115.42,294.15,32,20,0.66
54,Am Timan,US,2020-10-19 14:13:09,33.03,-115.42,294.15,32,20,0.66
55,Butaritari,US,2020-10-19 14:13:10,33.03,-115.42,294.15,32,20,0.66
56,Nelson Bay,US,2020-10-19 14:13:10,33.03,-115.42,294.15,32,20,0.66
57,Talnakh,US,2020-10-19 14:13:11,33.03,-115.42,294.15,32,20,0.66
58,Dwarka,US,2020-10-19 14:13:10,33.03,-115.42,294.15,32,20,0.66
59,Skjervoy,US,2020-10-19 14:13:10,33.03,-115.42,294.15,32,20,0.66
60,Avera,US,2020-10-19 14:13:10,33.03,-115.42,294.15,32,20,0.66
61,Maromitsa,US,2020-10-19 14:13:10,33.03,-115.42,294.15,32,20,0.66
62,Rorvik,US,2020-10-19 14:13:09,33.03,-115.42,294.15,32,20,0.66
63,Colac,US,2020-10-19 14:13:10,33.03,-115.42,294.15,32,20,0.66
64,Sorland,US,2020-10-19 14:13:10,33.03,-115.42,294.15,32,20,0.66
65,Tiksi,US,2020-10-19 14:13:10,33.03,-115.42,294.15,32,20,0.66
66,Bluff,US,2020-10-19 14:13:11,33.03,-115.42,294.15,32,20,0.66
67,Victoria,US,2020-10-19 14:13:10,33.03,-115.42,294.15,32,20,0.66
68,Cape Town,US,2020-10-19 14:13:10,33.03,-115.42,294.15,32,20,0.66
69,Kapaa,US,2020-10-19 14:13:09,33.03,-115.42,294.15,32,20,0.66
70,Vardo,US,2020-10-19 14:13:10,33.03,-115.42,294.15,32,20,0.66
71,Inta,US,2020-10-19 14:13:09,33.03,-115.42,294.15,32,20,0.66
72,Norman Wells,US,2020-10-19 14:13:10,33.03,-115.42,294.15,32,20,0.66
73,Salalah,US,2020-10-19 14:13:10,33.03,-115.42,294.15,32,20,0.66
74,Sarahan,US,2020-10-19 14:13:11,33.03,-115.42,294.15,32,20,0.66
75,Hermanus,US,2020-10-19 14:13:11,33.03,-115.42,294.15,32,20,0.66
76,Beringovskiy,US,2020-10-19 14:13:09,33.03,-115.42,294.15,32,20,0.66
77,Faanui,US,2020-10-19 14:13:11,33.03,-115.42,294.15,32,20,0.66
78,Port Elizabeth,US,2020-10-19 14:13:10,33.03,-115.42,294.15,32,20,0.66
79,Florianopolis,US,2020-10-19 14:13:10,33.03,-115.42,294.15,32,20,0.66
80,Bowen,US,2020-10-19 14:13:09,33.03,-115.42,294.15,32,20,0.66
81,Teya,US,2020-10-19 14:13:09,33.03,-115.42,294.15,32,20,0.66
82,Yellowknife,US,2020-10-19 14:13:10,33.03,-115.42,294.15,32,20,0.66
83,Bereda,US,2020-10-19 14:13:10,33.03,-115.42,294.15,32,20,0.66
84,Moyo,US,2020-10-19 14:13:10,33.03,-115.42,294.15,32,20,0.66
85,Lamu,US,2020-10-19 14:13:10,33.03,-115.42,294.15,32,20,0.66
86,Castro,US,2020-10-19 14:13:11,33.03,-115.42,294.15,32,20,0.66
87,Pevek,US,2020-10-19 14:13:09,33.03,-115.42,294.15,32,20,0.66
88,Seymchan,US,2020-10-19 14:13:09,33.03,-115.42,294.15,32,20,0.66
89,Cherskiy,US,2020-10-19 14:13:11,33.03,-115.42,294.15,32,20,0.66
90,Vila Velha,US,2020-10-19 14:13:10,33.03,-115.42,294.15,32,20,0.66
91,Moa,US,2020-10-19 14:13:10,33.03,-115.42,294.15,32,20,0.66
92,Lincoln,US,2020-10-19 14:13:10,33.03,-115.42,294.15,32,20,0.66
93,Uruzgan,US,2020-10-19 14:13:11,33.03,-115.42,294.15,32,20,0.66
94,Chokwe,US,2020-10-19 14:13:09,33.03,-115.42,294.15,32,20,0.66
95,High Level,US,2020-10-19 14:13:10,33.03,-115.42,294.15,32,20,0.66
96,Busselton,US,2020-10-19 14:13:10,33.03,-115.42,294.15,32,20,0.66
97,Jonava,US,2020-10-19 14:13:10,33.03,-115.42,294.15,32,20,0.66
98,Hvolsvollur,US,2020-10-19 14:13:11,33.03,-115.42,294.15,32,20,0.66
99,Yulara,US,2020-10-19 14:13:10,33.03,-115.42,294.15,32,20,0.66
100,Vershino-Darasunskiy,US,2020-10-19 14:13:09,33.03,-115.42,294.15,32,20,0.66
101,Wladyslawowo,US,2020-10-19 14:13:09,33.03,-115.42,294.15,32,20,0.66
102,Middelburg,US,2020-10-19 14:13:09,33.03,-115.42,294.15,32,20,0.66
103,Coihaique,US,2020-10-19 14:13:11,33.03,-115.42,294.15,32,20,0.66
104,Marcona,US,2020-10-19 14:13:10,33.03,-115.42,294.15,32,20,0.66
105,Tazmalt,US,2020-10-19 14:13:10,33.03,-115.42,294.15,32,20,0.66
106,Kokkola,US,2020-10-19 14:13:10,33.03,-115.42,294.15,32,20,0.66
107,Parry Sound,US,2020-10-19 14:13:11,33.03,-115.42,294.15,32,20,0.66
108,Cabo San Lucas,US,2020-10-19 14:13:10,33.03,-115.42,294.15,32,20,0.66
109,Gospic,US,2020-10-19 14:13:11,33.03,-115.42,294.15,32,20,0.66
110,Ribeira Grande,US,2020-10-19 14:13:09,33.03,-115.42,294.15,32,20,0.66
111,Kaitangata,US,2020-10-19 14:13:11,33.03,-115.42,294.15,32,20,0.66
112,Prince Rupert,US,2020-10-19 14:13:10,33.03,-115.42,294.15,32,20,0.66
113,Saskylakh,US,2020-10-19 14:13:10,33.03,-115.42,294.15,32,20,0.66
114,Narsaq,US,2020-10-19 14:13:11,33.03,-115.42,294.15,32,20,0.66
115,Diu,US,2020-10-19 14:13:10,33.03,-115.42,294.15,32,20,0.66
116,Batemans Bay,US,2020-10-19 14:13:09,33.03,-115.42,294.15,32,20,0.66
117,Suzun,US,2020-10-19 14:13:09,33.03,-115.42,294.15,32,20,0.66
118,Ayan,US,2020-10-19 14:13:11,33.03,-115.42,294.15,32,20,0.66
119,Arraial Do Cabo,US,2020-10-19 14:13:10,33.03,-115.42,294.15,32,20,0.66
120,Ramnagar,US,2020-10-19 14:13:10,33.03,-115.42,294.15,32,20,0.66
121,Amapa,US,2020-10-19 14:13:10,33.03,-115.42,294.15,32,20,0.66
122,Guntakal,US,2020-10-19 14:13:11,33.03,-115.42,294.15,32,20,0.66
123,Codrington,US,2020-10-19 14:13:10,33.03,-115.42,294.15,32,20,0.66
124,Namibe,US,2020-10-19 14:13:09,33.03,-115.42,294.15,32,20,0.66
125,Longyearbyen,US,2020-10-19 14:13:11,33.03,-115.42,294.15,32,20,0.66
126,Avarua,US,2020-10-19 14:13:10,33.03,-115.42,294.15,32,20,0.66
127,Las Varas,US,2020-10-19 14:13:09,33.03,-115.42,294.15,32,20,0.66
128,Antofagasta,US,2020-10-19 14:13:10,33.03,-115.42,294.15,32,20,0.66
129,Sioux Lookout,US,2020-10-19 14:13:10,33.03,-115.42,294.15,32,20,0.66
130,Ponta Do Sol,US,2020-10-19 14:13:09,33.03,-115.42,294.15,32,20,0.66
131,Olinda,US,2020-10-19 14:13:10,33.03,-115.42,294.15,32,20,0.66
132,Georgetown,US,2020-10-19 14:13:09,33.03,-115.42,294.15,32,20,0.66
133,Illoqqortoormiut,US,2020-10-19 14:13:10,33.03,-115.42,294.15,32,20,0.66
134,Aylmer,US,2020-10-19 14:13:10,33.03,-115.42,294.15,32,20,0.66
135,Liuzhou,US,2020-10-19 14:13:11,33.03,-115.42,294.15,32,20,0.66
136,Raga,US,2020-10-19 14:13:09,33.03,-115.42,294.15,32,20,0.66
137,Rikitea,US,2020-10-19 14:13:10,33.03,-115.42,294.15,32,20,0.66
138,Sola,US,2020-10-19 14:13:10,33.03,-115.42,294.15,32,20,0.66
139,Thompson,US,2020-10-19 14:13:11,33.03,-115.42,294.15,32,20,0.66
140,Klyuchi,US,2020-10-19 14:13:10,33.03,-115.42,294.15,32,20,0.66
141,Carnarvon,US,2020-10-19 14:13:10,33.03,-115.42,294.15,32,20,0.66
142,Berlevag,US,2020-10-19 14:13:09,33.03,-115.42,294.15,32,20,0.66
143,Shiyan,US,2020-10-19 14:13:10,33.03,-115.42,294.15,32,20,0.66
144,Nueva Gorgona,US,2020-10-19 14:13:09,33.03,-115.42,294.15,32,20,0.66
145,Prundu,US,2020-10-19 14:13:11,33.03,-115.42,294.15,32,20,0.66
146,San Carlos,US,2020-10-19 14:13:09,33.03,-115.42,294.15,32,20,0.66
147,Nizhneyansk,US,2020-10-19 14:13:09,33.03,-115.42,294.15,32,20,0.66
148,Saldanha,US,2020-10-19 14:13:10,33.03,-115.42,294.15,32,20,0.66
149,Yamada,US,2020-10-19 14:13:11,33.03,-115.42,294.15,32,20,0.66
150,Dilla,US,2020-10-19 14:13:10,33.03,-115.42,294.15,32,20,0.66
151,Tuatapere,US,2020-10-19 14:13:11,33.03,-115.42,294.15,32,20,0.66
152,Iberia,US,2020-10-19 14:13:10,33.03,-115.42,294.15,32,20,0.66
153,Vysokogornyy,US,2020-10-19 14:13:10,33.03,-115.42,294.15,32,20,0.66
154,Taolanaro,US,2020-10-19 14:13:11,33.03,-115.42,294.15,32,20,0.66
155,Sembe,US,2020-10-19 14:13:09,33.03,-115.42,294.15,32,20,0.66
156,Husavik,US,2020-10-19 14:13:10,33.03,-115.42,294.15,32,20,0.66
157,Qaanaaq,US,2020-10-19 14:13:10,33.03,-115.42,294.15,32,20,0.66
158,Aykhal,US,2020-10-19 14:13:11,33.03,-115.42,294.15,32,20,0.66
159,Norrtalje,US,2020-10-19 14:13:10,33.03,-115.42,294.15,32,20,0.66
160,Gawler,US,2020-10-19 14:13:09,33.03,-115.42,294.15,32,20,0.66
161,Tingrela,US,2020-10-19 14:13:11,33.03,-115.42,294.15,32,20,0.66
162,Moose Factory,US,2020-10-19 14:13:09,33.03,-115.42,294.15,32,20,0.66
163,Miramar,US,2020-10-19 14:13:11,33.03,-115.42,294.15,32,20,0.66
164,Thunder Bay,US,2020-10-19 14:13:11,33.03,-115.42,294.15,32,20,0.66
165,Kamenskoye,US,2020-10-19 14:13:09,33.03,-115.42,294.15,32,20,0.66
166,Bambous Virieux,US,2020-10-19 14:13:10,33.03,-115.42,294.15,32,20,0.66
167,Bredasdorp,US,2020-10-19 14:13:11,33.03,-115.42,294.15,32,20,0.66
168,Roald,US,2020-10-19 14:13:10,33.03,-115.42,294.15,32,20,0.66
169,Vao,US,2020-10-19 14:13:10,33.03,-115.42,294.15,32,20,0.66
170,Sao Borja,US,2020-10-19 14:13:09,33.03,-115.42,294.15,32,20,0.66
171,Raudeberg,US,2020-10-19 14:13:10,33.03,-115.42,294.15,32,20,0.66
172,Dikson,US,2020-10-19 14:13:10,33.03,-115.42,294.15,32,20,0.66
173,Shu,US,2020-10-19 14:13:09,33.03,-115.42,294.15,32,20,0.66
174,Khorixas,US,2020-10-19 14:13:11,33.03,-115.42,294.15,32,20,0.66
175,Bengkulu,US,2020-10-19 14:13:10,33.03,-115.42,294.15,32,20,0.66
176,Urusha,US,2020-10-19 14:13:09,33.03,-115.42,294.15,32,20,0.66
177,Port Shepstone,US,2020-10-19 14:13:09,33.03,-115.42,294.15,32,20,0.66
178,Circleville,US,2020-10-19 14:13:10,33.03,-115.42,294.15,32,20,0.66
179,Los Llanos De Aridane,US,2020-10-19 14:13:10,33.03,-115.42,294.15,32,20,0.66
180,Ahipara,US,2020-10-19 14:13:10,33.03,-115.42,294.15,32,20,0.66
181,Khatanga,US,2020-10-19 14:13:11,33.03,-115.42,294.15,32,20,0.66
182,Abu Dhabi,US,2020-10-19 14:13:10,33.03,-115.42,294.15,32,20,0.66
183,Vestmannaeyjar,US,2020-10-19 14:13:09,33.03,-115.42,294.15,32,20,0.66
184,Ostrovnoy,US,2020-10-19 14:13:11,33.03,-115.42,294.15,32,20,0.66
185,Auki,US,2020-10-19 14:13:11,33.03,-115.42,294.15,32,20,0.66
186,Bethel,US,2020-10-19 14:13:10,33.03,-115.42,294.15,32,20,0.66
187,Tahta,US,2020-10-19 14:13:10,33.03,-115.42,294.15,32,20,0.66
188,Gornyy,US,2020-10-19 14:13:09,33.03,-115.42,294.15,32,20,0.66
189,Hamada,US,2020-10-19 14:13:11,33.03,-115.42,294.15,32,20,0.66
190,Lavrentiya,US,2020-10-19 14:13:10,33.03,-115.42,294.15,32,20,0.66
191,Kabinda,US,2020-10-19 14:13:10,33.03,-115.42,294.15,32,20,0.66
192,Racale,US,2020-10-19 14:13:11,33.03,-115.42,294.15,32,20,0.66
193,Ugento,US,2020-10-19 14:13:10,33.03,-115.42,294.15,32,20,0.66
194,Vaitape,US,2020-10-19 14:13:10,33.03,-115.42,294.15,32,20,0.66
195,Toyooka,US,2020-10-19 14:13:10,33.03,-115.42,294.15,32,20,0.66
196,Tabiauea,US,2020-10-19 14:13:11,33.03,-115.42,294.15,32,20,0.66
197,Kalmunai,US,2020-10-19 14:13:11,33.03,-115.42,294.15,32,20,0.66
198,Souillac,US,2020-10-19 14:13:10,33.03,-115.42,294.15,32,20,0.66
199,Port Blair,US,2020-10-19 14:13:10,33.03,-115.42,294.15,32,20,0.66
200,San Quintin,US,2020-10-19 14:13:09,33.03,-115.42,294.15,32,20,0.66
201,Umzimvubu,US,2020-10-19 14:13:10,33.03,-115.42,294.15,32,20,0.66
202,Roma,US,2020-10-19 14:13:10,33.03,-115.42,294.15,32,20,0.66
203,Montrose,US,2020-10-19 14:13:11,33.03,-115.42,294.15,32,20,0.66
204,Hobe Sound,US,2020-10-19 14:13:10,33.03,-115.42,294.15,32,20,0.66
205,Alamos,US,2020-10-19 14:13:10,33.03,-115.42,294.15,32,20,0.66
206,Xiaoshi,US,2020-10-19 14:13:09,33.03,-115.42,294.15,32,20,0.66
207,Sisimiut,US,2020-10-19 14:13:11,33.03,-115.42,294.15,32,20,0.66
208,Chapais,US,2020-10-19 14:13:10,33.03,-115.42,294.15,32,20,0.66
209,Constitucion,US,2020-10-19 14:13:09,33.03,-115.42,294.15,32,20,0.66
210,Poso,US,2020-10-19 14:13:11,33.03,-115.42,294.15,32,20,0.66
211,Tsihombe,US,2020-10-19 14:13:10,33.03,-115.42,294.15,32,20,0.66
212,Barentsburg,US,2020-10-19 14:13:10,33.03,-115.42,294.15,32,20,0.66
213,Dubti,US,2020-10-19 14:13:10,33.03,-115.42,294.15,32,20,0.66
214,Cap Malheureux,US,2020-10-19 14:13:10,33.03,-115.42,294.15,32,20,0.66
215,Upernavik,US,2020-10-19 14:13:10,33.03,-115.42,294.15,32,20,0.66
216,San Patricio,US,2020-10-19 14:13:10,33.03,-115.42,294.15,32,20,0.66
217,Payakumbuh,US,2020-10-19 14:13:11,33.03,-115.42,294.15,32,20,0.66
218,Regina,US,2020-10-19 14:13:11,33.03,-115.42,294.15,32,20,0.66
219,Aku,US,2020-10-19 14:13:11,33.03,-115.42,294.15,32,20,0.66
220,Saint-Leu,US,2020-10-19 14:13:11,33.03,-115.42,294.15,32,20,0.66
221,Bathsheba,US,2020-10-19 14:13:10,33.03,-115.42,294.15,32,20,0.66
222,Rio Grande,US,2020-10-19 14:13:10,33.03,-115.42,294.15,32,20,0.66
223,Coahuayana,US,2020-10-19 14:13:11,33.03,-115.42,294.15,32,20,0.66
224,Bandarbeyla,US,2020-10-19 14:13:11,33.03,-115.42,294.15,32,20,0.66
225,Nioro,US,2020-10-19 14:13:10,33.03,-115.42,294.15,32,20,0.66
226,Gewane,US,2020-10-19 14:13:10,33.03,-115.42,294.15,32,20,0.66
227,Igboho,US,2020-10-19 14:13:10,33.03,-115.42,294.15,32,20,0.66
228,Chapleau,US,2020-10-19 14:13:09,33.03,-115.42,294.15,32,20,0.66
229,Korla,US,2020-10-19 14:13:10,33.03,-115.42,294.15,32,20,0.66
230,Karabuk,US,2020-10-19 14:13:11,33.03,-115.42,294.15,32,20,0.66
231,Cayenne,US,2020-10-19 14:13:11,33.03,-115.42,294.15,32,20,0.66
232,Amderma,US,2020-10-19 14:13:10,33.03,-115.42,294.15,32,20,0.66
233,Brae,US,2020-10-19 14:13:11,33.03,-115.42,294.15,32,20,0.66
234,Sao Joao Da Barra,US,2020-10-19 14:13:11,33.03,-115.42,294.15,32,20,0.66
235,Westport,US,2020-10-19 14:13:10,33.03,-115.42,294.15,32,20,0.66
236,Pitimbu,US,2020-10-19 14:13:11,33.03,-115.42,294.15,32,20,0.66
237,Winnemucca,US,2020-10-19 14:13:11,33.03,-115.42,294.15,32,20,0.66
238,Maltahohe,US,2020-10-19 14:13:09,33.03,-115.42,294.15,32,20,0.66
239,Olafsvik,US,2020-10-19 14:13:09,33.03,-115.42,294.15,32,20,0.66
240,Tautira,US,2020-10-19 14:13:10,33.03,-115.42,294.15,32,20,0.66
241,Halalo,US,2020-10-19 14:13:10,33.03,-115.42,294.15,32,20,0.66
242,Geraldton,US,2020-10-19 14:13:10,33.03,-115.42,294.15,32,20,0.66
243,Tomatlan,US,2020-10-19 14:13:10,33.03,-115.42,294.15,32,20,0.66
244,Hambantota,US,2020-10-19 14:13:11,33.03,-115.42,294.15,32,20,0.66
245,Bargal,US,2020-10-19 14:13:11,33.03,-115.42,294.15,32,20,0.66
246,Santiago,US,2020-10-19 14:13:10,33.03,-115.42,294.15,32,20,0.66
247,Adelaide,US,2020-10-19 14:13:09,33.03,-115.42,294.15,32,20,0.66
248,Manica,US,2020-10-19 14:13:09,33.03,-115.42,294.15,32,20,0.66
249,Luderitz,US,2020-10-19 14:13:11,33.03,-115.42,294.15,32,20,0.66
250,Saint-Francois,US,2020-10-19 14:13:09,33.03,-115.42,294.15,32,20,0.66
251,Gat,US,2020-10-19 14:13:09,33.03,-115.42,294.15,32,20,0.66
252,Tres Arroyos,US,2020-10-19 14:13:10,33.03,-115.42,294.15,32,20,0.66
253,San Cristobal,US,2020-10-19 14:13:09,33.03,-115.42,294.15,32,20,0.66
254,Champerico,US,2020-10-19 14:13:11,33.03,-115.42,294.15,32,20,0.66
255,Agirish,US,2020-10-19 14:13:10,33.03,-115.42,294.15,32,20,0.66
256,Izhma,US,2020-10-19 14:13:11,33.03,-115.42,294.15,32,20,0.66
257,Mahebourg,US,2020-10-19 14:13:09,33.03,-115.42,294.15,32,20,0.66
258,Santa Maria,US,2020-10-19 14:13:11,33.03,-115.42,294.15,32,20,0.66
259,Roros,US,2020-10-19 14:13:10,33.03,-115.42,294.15,32,20,0.66
260,Provideniya,US,2020-10-19 14:13:10,33.03,-115.42,294.15,32,20,0.66
261,Rawa Mazowiecka,US,2020-10-19 14:13:11,33.03,-115.42,294.15,32,20,0.66
262,Torbay,US,2020-10-19 14:13:10,33.03,-115.42,294.15,32,20,0.66
263,Erikoussa,US,2020-10-19 14:13:11,33.03,-115.42,294.15,32,20,0.66
264,Codo,US,2020-10-19 14:13:10,33.03,-115.42,294.15,32,20,0.66
265,Nome,US,2020-10-19 14:13:11,33.03,-115.42,294.15,32,20,0.66
266,Alice Springs,US,2020-10-19 14:13:10,33.03,-115.42,294.15,32,20,0.66
267,Alekseyevka,US,2020-10-19 14:13:10,33.03,-115.42,294.15,32,20,0.66
268,Erenhot,US,2020-10-19 14:13:11,33.03,-115.42,294.15,32,20,0.66
269,Saint-Pierre,US,2020-10-19 14:13:09,33.03,-115.42,294.15,32,20,0.66
270,Camacha,US,2020-10-19 14:13:10,33.03,-115.42,294.15,32,20,0.66
271,Myitkyina,US,2020-10-19 14:13:11,33.03,-115.42,294.15,32,20,0.66
272,Lagos,US,2020-10-19 14:13:09,33.03,-115.42,294.15,32,20,0.66
273,Carora,US,2020-10-19 14:13:11,33.03,-115.42,294.15,32,20,0.66
274,Canberra,US,2020-10-19 14:13:09,33.03,-115.42,294.15,32,20,0.66
275,Pangnirtung,US,2020-10-19 14:13:10,33.03,-115.42,294.15,32,20,0.66
276,Eyl,US,2020-10-19 14:13:10,33.03,-115.42,294.15,32,20,0.66
277,Yima,US,2020-10-19 14:13:11,33.03,-115.42,294.15,32,20,0.66
278,Kandrian,US,2020-10-19 14:13:11,33.03,-115.42,294.15,32,20,0.66
279,Trelew,US,2020-10-19 14:13:10,33.03,-115.42,294.15,32,20,0.66
280,Pangai,US,2020-10-19 14:13:09,33.03,-115.42,294.15,32,20,0.66
281,Manati,US,2020-10-19 14:13:09,33.03,-115.42,294.15,32,20,0.66
282,Carcassonne,US,2020-10-19 14:13:11,33.03,-115.42,294.15,32,20,0.66
283,Hasaki,US,2020-10-19 14:13:11,33.03,-115.42,294.15,32,20,0.66
284,Kruisfontein,US,2020-10-19 14:13:10,33.03,-115.42,294.15,32,20,0.66
285,Lorengau,US,2020-10-19 14:13:11,33.03,-115.42,294.15,32,20,0.66
286,Haines Junction,US,2020-10-19 14:13:10,33.03,-115.42,294.15,32,20,0.66
287,Mys Shmidta,US,2020-10-19 14:13:09,33.03,-115.42,294.15,32,20,0.66
288,Awjilah,US,2020-10-19 14:13:10,33.03,-115.42,294.15,32,20,0.66
289,Henties Bay,US,2020-10-19 14:13:10,33.03,-115.42,294.15,32,20,0.66
290,Cidreira,US,2020-10-19 14:13:10,33.03,-115.42,294.15,32,20,0.66
291,Sao Francisco,US,2020-10-19 14:13:10,33.03,-115.42,294.15,32,20,0.66
292,Esperance,US,2020-10-19 14:13:09,33.03,-115.42,294.15,32,20,0.66
293,Luau,US,2020-10-19 14:13:10,33.03,-115.42,294.15,32,20,0.66
294,Nova Olimpia,US,2020-10-19 14:13:09,33.03,-115.42,294.15,32,20,0.66
295,Kahului,US,2020-10-19 14:13:10,33.03,-115.42,294.15,32,20,0.66
296,Sujawal,US,2020-10-19 14:13:10,33.03,-115.42,294.15,32,20,0.66
297,Lazaro Cardenas,US,2020-10-19 14:13:11,33.03,-115.42,294.15,32,20,0.66
298,Dingle,US,2020-10-19 14:13:11,33.03,-115.42,294.15,32,20,0.66
299,Penzance,US,2020-10-19 14:13:09,33.03,-115.42,294.15,32,20,0.66
300,Hamilton,US,2020-10-19 14:13:11,33.03,-115.42,294.15,32,20,0.66
301,Birjand,US,2020-10-19 14:13:09,33.03,-115.42,294.15,32,20,0.66
302,Pokhara,US,2020-10-19 14:13:10,33.03,-115.42,294.15,32,20,0.66
303,Klaksvik,US,2020-10-19 14:13:11,33.03,-115.42,294.15,32,20,0.66
304,Eenhana,US,2020-10-19 14:13:09,33.03,-115.42,294.15,32,20,0.66
305,Ligayan,US,2020-10-19 14:13:11,33.03,-115.42,294.15,32,20,0.66
306,Necochea,US,2020-10-19 14:13:11,33.03,-115.42,294.15,32,20,0.66
307,Kasungu,US,2020-10-19 14:13:10,33.03,-115.42,294.15,32,20,0.66
308,Reconquista,US,2020-10-19 14:13:09,33.03,-115.42,294.15,32,20,0.66
309,Isangel,US,2020-10-19 14:13:10,33.03,-115.42,294.15,32,20,0.66
310,Dongsheng,US,2020-10-19 14:13:11,33.03,-115.42,294.15,32,20,0.66
311,Moshi,US,2020-10-19 14:13:10,33.03,-115.42,294.15,32,20,0.66
312,Haimen,US,2020-10-19 14:13:09,33.03,-115.42,294.15,32,20,0.66
313,Turukhansk,US,2020-10-19 14:13:10,33.03,-115.42,294.15,32,20,0.66
314,Srednekolymsk,US,2020-10-19 14:13:11,33.03,-115.42,294.15,32,20,0.66
315,Vila Franca Do Campo,US,2020-10-19 14:13:09,33.03,-115.42,294.15,32,20,0.66
316,Berezovyy,US,2020-10-19 14:13:10,33.03,-115.42,294.15,32,20,0.66
317,Ostersund,US,2020-10-19 14:13:09,33.03,-115.42,294.15,32,20,0.66
318,Witrivier,US,2020-10-19 14:13:10,33.03,-115.42,294.15,32,20,0.66
319,Laguna,US,2020-10-19 14:13:10,33.03,-115.42,294.15,32,20,0.66
320,Yeppoon,US,2020-10-19 14:13:10,33.03,-115.42,294.15,32,20,0.66
321,Lebu,US,2020-10-19 14:13:11,33.03,-115.42,294.15,32,20,0.66
322,Ancud,US,2020-10-19 14:13:11,33.03,-115.42,294.15,32,20,0.66
323,Minyar,US,2020-10-19 14:13:09,33.03,-115.42,294.15,32,20,0.66
324,Malindi,US,2020-10-19 14:13:09,33.03,-115.42,294.15,32,20,0.66
325,Fairbanks,US,2020-10-19 14:13:10,33.03,-115.42,294.15,32,20,0.66
326,Rodrigues Alves,US,2020-10-19 14:13:10,33.03,-115.42,294.15,32,20,0.66
327,Bolungarvik,US,2020-10-19 14:13:10,33.03,-115.42,294.15,32,20,0.66
328,Hobyo,US,2020-10-19 14:13:10,33.03,-115.42,294.15,32,20,0.66
329,Skalistyy,US,2020-10-19 14:13:11,33.03,-115.42,294.15,32,20,0.66
330,Mpanda,US,2020-10-19 14:13:09,33.03,-115.42,294.15,32,20,0.66
331,Fortuna,US,2020-10-19 14:13:09,33.03,-115.42,294.15,32,20,0.66
332,Podporozhye,US,2020-10-19 14:13:10,33.03,-115.42,294.15,32,20,0.66
333,Bobo Dioulasso,US,2020-10-19 14:13:10,33.03,-115.42,294.15,32,20,0.66
334,Dunedin,US,2020-10-19 14:13:11,33.03,-115.42,294.15,32,20,0.66
335,Khandyga,US,2020-10-19 14:13:10,33.03,-115.42,294.15,32,20,0.66
336,Zhigansk,US,2020-10-19 14:13:10,33.03,-115.42,294.15,32,20,0.66
337,Pospelikha,US,2020-10-19 14:13:10,33.03,-115.42,294.15,32,20,0.66
338,Balabac,US,2020-10-19 14:13:11,33.03,-115.42,294.15,32,20,0.66
339,Arman,US,2020-10-19 14:13:10,33.03,-115.42,294.15,32,20,0.66
340,Magnolia,US,2020-10-19 14:13:09,33.03,-115.42,294.15,32,20,0.66
341,Fowa,US,2020-10-19 14:13:11,33.03,-115.42,294.15,32,20,0.66
342,Svetlogorsk,US,2020-10-19 14:13:10,33.03,-115.42,294.15,32,20,0.66
343,Kurilsk,US,2020-10-19 14:13:10,33.03,-115.42,294.15,32,20,0.66
344,Florestopolis,US,2020-10-19 14:13:09,33.03,-115.42,294.15,32,20,0.66
345,Tupik,US,2020-10-19 14:13:10,33.03,-115.42,294.15,32,20,0.66
346,Tungkang,US,2020-10-19 14:13:11,33.03,-115.42,294.15,32,20,0.66
347,Adrar,US,2020-10-19 14:13:10,33.03,-115.42,294.15,32,20,0.66
348,Sirkali,US,2020-10-19 14:13:10,33.03,-115.42,294.15,32,20,0.66
349,Nantucket,US,2020-10-19 14:13:11,33.03,-115.42,294.15,32,20,0.66
350,Karratha,US,2020-10-19 14:13:09,33.03,-115.42,294.15,32,20,0.66
351,Sistranda,US,2020-10-19 14:13:10,33.03,-115.42,294.15,32,20,0.66
352,Puerto Madryn,US,2020-10-19 14:13:11,33.03,-115.42,294.15,32,20,0.66
353,Santa Cruz,US,2020-10-19 14:13:11,33.03,-115.42,294.15,32,20,0.66
354,Iskateley,US,2020-10-19 14:13:10,33.03,-115.42,294.15,32,20,0.66
355,Bolshegrivskoye,US,2020-10-19 14:13:11,33.03,-115.42,294.15,32,20,0.66
356,Anori,US,2020-10-19 14:13:11,33.03,-115.42,294.15,32,20,0.66
357,Oranjemund,US,2020-10-19 14:13:10,33.03,-115.42,294.15,32,20,0.66
358,Borogontsy,US,2020-10-19 14:13:10,33.03,-115.42,294.15,32,20,0.66
359,Kijang,US,2020-10-19 14:13:10,33.03,-115.42,294.15,32,20,0.66
360,Manokwari,US,2020-10-19 14:13:10,33.03,-115.42,294.15,32,20,0.66
361,Gayeri,US,2020-10-19 14:13:10,33.03,-115.42,294.15,32,20,0.66
362,Nanortalik,US,2020-10-19 14:13:10,33.03,-115.42,294.15,32,20,0.66
363,Port Lincoln,US,2020-10-19 14:13:11,33.03,-115.42,294.15,32,20,0.66
364,Iqaluit,US,2020-10-19 14:13:09,33.03,-115.42,294.15,32,20,0.66
365,Broome,US,2020-10-19 14:13:10,33.03,-115.42,294.15,32,20,0.66
366,Palana,US,2020-10-19 14:13:09,33.03,-115.42,294.15,32,20,0.66
367,Lagoa,US,2020-10-19 14:13:09,33.03,-115.42,294.15,32,20,0.66
368,Bagdarin,US,2020-10-19 14:13:09,33.03,-115.42,294.15,32,20,0.66
369,Manoel Urbano,US,2020-10-19 14:13:09,33.03,-115.42,294.15,32,20,0.66
370,Alofi,US,2020-10-19 14:13:09,33.03,-115.42,294.15,32,20,0.66
371,Faya,US,2020-10-19 14:13:10,33.03,-115.42,294.15,32,20,0.66
372,Tuy Hoa,US,2020-10-19 14:13:09,33.03,-115.42,294.15,32,20,0.66
373,Sumbawa,US,2020-10-19 14:13:10,33.03,-115.42,294.15,32,20,0.66
374,Chester,US,2020-10-19 14:13:09,33.03,-115.42,294.15,32,20,0.66
375,Gamba,US,2020-10-19 14:13:10,33.03,-115.42,294.15,32,20,0.66
376,Ilulissat,US,2020-10-19 14:13:10,33.03,-115.42,294.15,32,20,0.66
377,Attawapiskat,US,2020-10-19 14:13:11,33.03,-115.42,294.15,32,20,0.66
378,Johnson City,US,2020-10-19 14:13:10,33.03,-115.42,294.15,32,20,0.66
379,Rungata,US,2020-10-19 14:13:11,33.03,-115.42,294.15,32,20,0.66
380,Flin Flon,US,2020-10-19 14:13:10,33.03,-115.42,294.15,32,20,0.66
381,Nokaneng,US,2020-10-19 14:13:09,33.03,-115.42,294.15,32,20,0.66
382,Kinablangan,US,2020-10-19 14:13:11,33.03,-115.42,294.15,32,20,0.66
383,Puteyets,US,2020-10-19 14:13:09,33.03,-115.42,294.15,32,20,0.66
384,Sao Miguel Do Araguaia,US,2020-10-19 14:13:10,33.03,-115.42,294.15,32,20,0.66
385,Manggar,US,2020-10-19 14:13:10,33.03,-115.42,294.15,32,20,0.66
386,Marsaxlokk,US,2020-10-19 14:13:10,33.03,-115.42,294.15,32,20,0.66
387,Coquimbo,US,2020-10-19 14:13:10,33.03,-115.42,294.15,32,20,0.66
388,Muros,US,2020-10-19 14:13:11,33.03,-115.42,294.15,32,20,0.66
389,Babugarh,US,2020-10-19 14:13:11,33.03,-115.42,294.15,32,20,0.66
390,Fuerte,US,2020-10-19 14:13:09,33.03,-115.42,294.15,32,20,0.66
391,Mayahi,US,2020-10-19 14:13:10,33.03,-115.42,294.15,32,20,0.66
392,Sydney,US,2020-10-19 14:13:10,33.03,-115.42,294.15,32,20,0.66
393,Lompoc,US,2020-10-19 14:13:10,33.03,-115.42,294.15,32,20,0.66
394,Luang Prabang,US,2020-10-19 14:13:10,33.03,-115.42,294.15,32,20,0.66
395,Ewa Beach,US,2020-10-19 14:13:10,33.03,-115.42,294.15,32,20,0.66
396,Shubarkuduk,US,2020-10-19 14:13:10,33.03,-115.42,294.15,32,20,0.66
397,Biograd Na Moru,US,2020-10-19 14:13:10,33.03,-115.42,294.15,32,20,0.66
398,Ambovombe,US,2020-10-19 14:13:09,33.03,-115.42,294.15,32,20,0.66
399,Carambei,US,2020-10-19 14:13:11,33.03,-115.42,294.15,32,20,0.66
400,Yola,US,2020-10-19 14:13:09,33.03,-115.42,294.15,32,20,0.66
401,Hofn,US,2020-10-19 14:13:10,33.03,-115.42,294.15,32,20,0.66
402,Point Fortin,US,2020-10-19 14:13:10,33.03,-115.42,294.15,32,20,0.66
403,Lata,US,2020-10-19 14:13:10,33.03,-115.42,294.15,32,20,0.66
404,Kulynychi,US,2020-10-19 14:13:10,33.03,-115.42,294.15,32,20,0.66
405,Abalak,US,2020-10-19 14:13:11,33.03,-115.42,294.15,32,20,0.66
406,Fernley,US,2020-10-19 14:13:11,33.03,-115.42,294.15,32,20,0.66
407,Paamiut,US,2020-10-19 14:13:10,33.03,-115.42,294.15,32,20,0.66
408,Sao Filipe,US,2020-10-19 14:13:10,33.03,-115.42,294.15,32,20,0.66
409,Tessalit,US,2020-10-19 14:13:11,33.03,-115.42,294.15,32,20,0.66
410,Leshukonskoye,US,2020-10-19 14:13:09,33.03,-115.42,294.15,32,20,0.66
411,Palmer,US,2020-10-19 14:13:11,33.03,-115.42,294.15,32,20,0.66
412,Astoria,US,2020-10-19 14:13:10,33.03,-115.42,294.15,32,20,0.66
413,The Valley,US,2020-10-19 14:13:09,33.03,-115.42,294.15,32,20,0.66
414,Mount Gambier,US,2020-10-19 14:13:10,33.03,-115.42,294.15,32,20,0.66
415,Maceio,US,2020-10-19 14:13:09,33.03,-115.42,294.15,32,20,0.66
416,Tazovskiy,US,2020-10-19 14:13:11,33.03,-115.42,294.15,32,20,0.66
417,Hamirpur,US,2020-10-19 14:13:11,33.03,-115.42,294.15,32,20,0.66
418,Baruun-Urt,US,2020-10-19 14:13:11,33.03,-115.42,294.15,32,20,0.66
419,Labutta,US,2020-10-19 14:13:09,33.03,-115.42,294.15,32,20,0.66
420,Grand Gaube,US,2020-10-19 14:13:10,33.03,-115.42,294.15,32,20,0.66
421,Huangnihe,US,2020-10-19 14:13:11,33.03,-115.42,294.15,32,20,0.66
422,Fort Nelson,US,2020-10-19 14:13:09,33.03,-115.42,294.15,32,20,0.66
423,Cape Coast,US,2020-10-19 14:13:11,33.03,-115.42,294.15,32,20,0.66
424,Pangkalanbuun,US,2020-10-19 14:13:10,33.03,-115.42,294.15,32,20,0.66
425,Najran,US,2020-10-19 14:13:09,33.03,-115.42,294.15,32,20,0.66
426,Buchanan,US,2020-10-19 14:13:10,33.03,-115.42,294.15,32,20,0.66
427,Kabarnet,US,2020-10-19 14:13:10,33.03,-115.42,294.15,32,20,0.66
428,Chandler,US,2020-10-19 14:13:09,33.03,-115.42,294.15,32,20,0.66
429,Aktau,US,2020-10-19 14:13:11,33.03,-115.42,294.15,32,20,0.66
430,Mount Isa,US,2020-10-19 14:13:11,33.03,-115.42,294.15,32,20,0.66
431,Coria,US,2020-10-19 14:13:11,33.03,-115.42,294.15,32,20,0.66
432,Plettenberg Bay,US,2020-10-19 14:13:09,33.03,-115.42,294.15,32,20,0.66
433,Severo-Kurilsk,US,2020-10-19 14:13:09,33.03,-115.42,294.15,32,20,0.66
434,Majene,US,2020-10-19 14:13:10,33.03,-115.42,294.15,32,20,0.66
435,Waipawa,US,2020-10-19 14:13:09,33.03,-115.42,294.15,32,20,0.66
436,Cockburn Town,US,2020-10-19 14:13:11,33.03,-115.42,294.15,32,20,0.66
437,Atar,US,2020-10-19 14:13:10,33.03,-115.42,294.15,32,20,0.66
438,Goderich,US,2020-10-19 14:13:10,33.03,-115.42,294.15,32,20,0.66
439,Kieta,US,2020-10-19 14:13:11,33.03,-115.42,294.15,32,20,0.66
440,Jiuquan,US,2020-10-19 14:13:10,33.03,-115.42,294.15,32,20,0.66
441,Nikolsk,US,2020-10-19 14:13:11,33.03,-115.42,294.15,32,20,0.66
442,Rockland,US,2020-10-19 14:13:09,33.03,-115.42,294.15,32,20,0.66
443,Saint-Georges,US,2020-10-19 14:13:09,33.03,-115.42,294.15,32,20,0.66
444,Hokitika,US,2020-10-19 14:13:11,33.03,-115.42,294.15,32,20,0.66
445,Beppu,US,2020-10-19 14:13:09,33.03,-115.42,294.15,32,20,0.66
446,Pingliang,US,2020-10-19 14:13:10,33.03,-115.42,294.15,32,20,0.66
447,Ksenyevka,US,2020-10-19 14:13:10,33.03,-115.42,294.15,32,20,0.66
448,Vagur,US,2020-10-19 14:13:11,33.03,-115.42,294.15,32,20,0.66
449,Baiao,US,2020-10-19 14:13:10,33.03,-115.42,294.15,32,20,0.66
450,Rochegda,US,2020-10-19 14:13:09,33.03,-115.42,294.15,32,20,0.66
451,Flinders,US,2020-10-19 14:13:10,33.03,-115.42,294.15,32,20,0.66
452,Padang,US,2020-10-19 14:13:10,33.03,-115.42,294.15,32,20,0.66
453,Yarada,US,2020-10-19 14:13:09,33.03,-115.42,294.15,32,20,0.66
454,Pop,US,2020-10-19 14:13:11,33.03,-115.42,294.15,32,20,0.66
455,Alta Floresta,US,2020-10-19 14:13:09,33.03,-115.42,294.15,32,20,0.66
456,Hanover,US,2020-10-19 14:13:10,33.03,-115.42,294.15,32,20,0.66
457,Ambagarh Chauki,US,2020-10-19 14:13:11,33.03,-115.42,294.15,32,20,0.66
458,Krasnoselkup,US,2020-10-19 14:13:10,33.03,-115.42,294.15,32,20,0.66
459,Labuhan,US,2020-10-19 14:13:09,33.03,-115.42,294.15,32,20,0.66
460,Vanavara,US,2020-10-19 14:13:11,33.03,-115.42,294.15,32,20,0.66
461,Gari,US,2020-10-19 14:13:10,33.03,-115.42,294.15,32,20,0.66
462,Batagay-Alyta,US,2020-10-19 14:13:10,33.03,-115.42,294.15,32,20,0.66
463,Big Bend,US,2020-10-19 14:13:11,33.03,-115.42,294.15,32,20,0.66
464,Chervishevo,US,2020-10-19 14:13:11,33.03,-115.42,294.15,32,20,0.66
465,Opoczno,US,2020-10-19 14:13:09,33.03,-115.42,294.15,32,20,0.66
466,Shirokiy,US,2020-10-19 14:13:10,33.03,-115.42,294.15,32,20,0.66
467,Roseburg,US,2020-10-19 14:13:09,33.03,-115.42,294.15,32,20,0.66
468,Athmallik,US,2020-10-19 14:13:10,33.03,-115.42,294.15,32,20,0.66
469,Guayaramerin,US,2020-10-19 14:13:10,33.03,-115.42,294.15,32,20,0.66
470,Abdulino,US,2020-10-19 14:13:10,33.03,-115.42,294.15,32,20,0.66
471,Nemuro,US,2020-10-19 14:13:09,33.03,-115.42,294.15,32,20,0.66
472,Slonim,US,2020-10-19 14:13:11,33.03,-115.42,294.15,32,20,0.66
473,Grindavik,US,2020-10-19 14:13:11,33.03,-115.42,294.15,32,20,0.66
474,Ridgecrest,US,2020-10-19 14:13:09,33.03,-115.42,294.15,32,20,0.66
475,Bad Wildbad,US,2020-10-19 14:13:11,33.03,-115.42,294.15,32,20,0.66
476,Waddan,US,2020-10-19 14:13:11,33.03,-115.42,294.15,32,20,0.66
477,Tsiroanomandidy,US,2020-10-19 14:13:10,33.03,-115.42,294.15,32,20,0.66
478,Matagami,US,2020-10-19 14:13:10,33.03,-115.42,294.15,32,20,0.66
479,Clyde River,US,2020-10-19 14:13:10,33.03,-115.42,294.15,32,20,0.66
480,Te Anau,US,2020-10-19 14:13:09,33.03,-115.42,294.15,32,20,0.66
481,Les Cayes,US,2020-10-19 14:13:10,33.03,-115.42,294.15,32,20,0.66
482,Karakendzha,US,2020-10-19 14:13:10,33.03,-115.42,294.15,32,20,0.66
483,Revelstoke,US,2020-10-19 14:13:10,33.03,-115.42,294.15,32,20,0.66
484,Saleaula,US,2020-10-19 14:13:10,33.03,-115.42,294.15,32,20,0.66
485,Makakilo City,US,2020-10-19 14:13:10,33.03,-115.42,294.15,32,20,0.66
486,Shiloh,US,2020-10-19 14:13:10,33.03,-115.42,294.15,32,20,0.66
487,Hualmay,US,2020-10-19 14:13:11,33.03,-115.42,294.15,32,20,0.66
488,Kedrovyy,US,2020-10-19 14:13:11,33.03,-115.42,294.15,32,20,0.66
489,Portland,US,2020-10-19 14:13:10,33.03,-115.42,294.15,32,20,0.66
490,Mandera,US,2020-10-19 14:13:11,33.03,-115.42,294.15,32,20,0.66
491,Omagh,US,2020-10-19 14:13:10,33.03,-115.42,294.15,32,20,0.66
492,Corrales,US,2020-10-19 14:13:10,33.03,-115.42,294.15,32,20,0.66
493,Sawai Madhopur,US,2020-10-19 14:13:10,33.03,-115.42,294.15,32,20,0.66
494,Gallup,US,2020-10-19 14:13:10,33.03,-115.42,294.15,32,20,0.66
495,Yanai,US,2020-10-19 14:13:11,33.03,-115.42,294.15,32,20,0.66
496,Mizan Teferi,US,2020-10-19 14:13:10,33.03,-115.42,294.15,32,20,0.66
497,Jaguey Grande,US,2020-10-19 14:13:10,33.03,-115.42,294.15,32,20,0.66
498,Bardiyah,US,2020-10-19 14:13:10,33.03,-115.42,294.15,32,20,0.66
499,Mount Darwin,US,2020-10-19 14:13:11,33.03,-115.42,294.15,32,20,0.66
500,Kuche,US,2020-10-19 14:13:10,33.03,-115.42,294.15,32,20,0.66
501,Ambilobe,US,2020-10-19 14:13:09,33.03,-115.42,294.15,32,20,0.66
502,Palabuhanratu,US,2020-10-19 14:13:10,33.03,-115.42,294.15,32,20,0.66
503,Geresk,US,2020-10-19 14:13:11,33.03,-115.42,294.15,32,20,0.66
504,Pochutla,US,2020-10-19 14:13:10,33.03,-115.42,294.15,32,20,0.66
505,Novosineglazovskiy,US,2020-10-19 14:13:11,33.03,-115.42,294.15,32,20,0.66
506,Tagusao,US,2020-10-19 14:13:09,33.03,-115.42,294.15,32,20,0.66
507,Masaurhi,US,2020-10-19 14:13:09,33.03,-115.42,294.15,32,20,0.66
508,Bismarck,US,2020-10-19 14:13:10,33.03,-115.42,294.15,32,20,0.66
509,North Platte,US,2020-10-19 14:13:10,33.03,-115.42,294.15,32,20,0.66
510,Dongobesh,US,2020-10-19 14:13:11,33.03,-115.42,294.15,32,20,0.66
511,Kirgiz-Miyaki,US,2020-10-19 14:13:10,33.03,-115.42,294.15,32,20,0.66
512,Anchorage,US,2020-10-19 14:13:10,33.03,-115.42,294.15,32,20,0.66
513,Ust-Tsilma,US,2020-10-19 14:13:10,33.03,-115.42,294.15,32,20,0.66
514,Poum,US,2020-10-19 14:13:11,33.03,-115.42,294.15,32,20,0.66
515,Pafos,US,2020-10-19 14:13:11,33.03,-115.42,294.15,32,20,0.66
516,Pacific Grove,US,2020-10-19 14:13:09,33.03,-115.42,294.15,32,20,0.66
517,Lady Frere,US,2020-10-19 14:13:10,33.03,-115.42,294.15,32,20,0.66
518,Pecos,US,2020-10-19 14:13:09,33.03,-115.42,294.15,32,20,0.66
519,Swakopmund,US,2020-10-19 14:13:11,33.03,-115.42,294.15,32,20,0.66
520,Port Macquarie,US,2020-10-19 14:13:11,33.03,-115.42,294.15,32,20,0.66
521,Port Hawkesbury,US,2020-10-19 14:13:09,33.03,-115.42,294.15,32,20,0.66
522,Belomorsk,US,2020-10-19 14:13:11,33.03,-115.42,294.15,32,20,0.66
523,Harbour Breton,US,2020-10-19 14:13:10,33.03,-115.42,294.15,32,20,0.66
524,Carandai,US,2020-10-19 14:13:11,33.03,-115.42,294.15,32,20,0.66
525,Chinsali,US,2020-10-19 14:13:10,33.03,-115.42,294.15,32,20,0.66
526,Sitka,US,2020-10-19 14:13:09,33.03,-115.42,294.15,32,20,0.66
527,Valparaiso,US,2020-10-19 14:13:09,33.03,-115.42,294.15,32,20,0.66
528,Kutum,US,2020-10-19 14:13:11,33.03,-115.42,294.15,32,20,0.66
529,Murtino,US,2020-10-19 14:13:09,33.03,-115.42,294.15,32,20,0.66
530,Batagay,US,2020-10-19 14:13:10,33.03,-115.42,294.15,32,20,0.66
531,Kiunga,US,2020-10-19 14:13:11,33.03,-115.42,294.15,32,20,0.66
532,Babanka,US,2020-10-19 14:13:09,33.03,-115.42,294.15,32,20,0.66
533,Kaka,US,2020-10-19 14:13:10,33.03,-115.42,294.15,32,20,0.66
534,Yar-Sale,US,2020-10-19 14:13:09,33.03,-115.42,294.15,32,20,0.66
535,Aflu,US,2020-10-19 14:13:10,33.03,-115.42,294.15,32,20,0.66
536,Puerto Del Rosario,US,2020-10-19 14:13:10,33.03,-115.42,294.15,32,20,0.66
537,Kayerkan,US,2020-10-19 14:13:09,33.03,-115.42,294.15,32,20,0.66
538,Pasighat,US,2020-10-19 14:13:11,33.03,-115.42,294.15,32,20,0.66
539,Quisqueya,US,2020-10-19 14:13:11,33.03,-115.42,294.15,32,20,0.66
540,Bambanglipuro,US,2020-10-19 14:13:10,33.03,-115.42,294.15,32,20,0.66
541,Broken Hill,US,2020-10-19 14:13:11,33.03,-115.42,294.15,32,20,0.66
542,Poronaysk,US,2020-10-19 14:13:09,33.03,-115.42,294.15,32,20,0.66
543,Praia,US,2020-10-19 14:13:10,33.03,-115.42,294.15,32,20,0.66
544,Port-Gentil,US,2020-10-19 14:13:10,33.03,-115.42,294.15,32,20,0.66
545,Sapai,US,2020-10-19 14:13:09,33.03,-115.42,294.15,32,20,0.66
546,Hovd,US,2020-10-19 14:13:10,33.03,-115.42,294.15,32,20,0.66
547,Doka,US,2020-10-19 14:13:11,33.03,-115.42,294.15,32,20,0.66
548,Itarema,US,2020-10-19 14:13:09,33.03,-115.42,294.15,32,20,0.66
549,Hot Springs,US,2020-10-19 14:13:10,33.03,-115.42,294.15,32,20,0.66
550,Juneau,US,2020-10-19 14:13:10,33.03,-115.42,294.15,32,20,0.66
551,College,US,2020-10-19 14:13:10,33.03,-115.42,294.15,32,20,0.66
552,Severomuysk,US,2020-10-19 14:13:09,33.03,-115.42,294.15,32,20,0.66
553,Sorong,US,2020-10-19 14:13:10,33.03,-115.42,294.15,32,20,0.66
554,Byron Bay,US,2020-10-19 14:13:10,33.03,-115.42,294.15,32,20,0.66
555,Muisne,US,2020-10-19 14:13:09,33.03,-115.42,294.15,32,20,0.66
556,Key West,US,2020-10-19 14:13:10,33.03,-115.42,294.15,32,20,0.66
557,Kui Buri,US,2020-10-19 14:13:10,33.03,-115.42,294.15,32,20,0.66
558,Samarai,US,2020-10-19 14:13:11,33.03,-115.42,294.15,32,20,0.66
559,Zaozerne,US,2020-10-19 14:13:09,33.03,-115.42,294.15,32,20,0.66
560,Igrim,US,2020-10-19 14:13:10,33.03,-115.42,294.15,32,20,0.66
561,Viligili,US,2020-10-19 14:13:11,33.03,-115.42,294.15,32,20,0.66
562,Sedelnikovo,US,2020-10-19 14:13:10,33.03,-115.42,294.15,32,20,0.66
563,Boende,US,2020-10-19 14:13:11,33.03,-115.42,294.15,32,20,0.66
564,Mahibadhoo,US,2020-10-19 14:13:10,33.03,-115.42,294.15,32,20,0.66
565,Tateyama,US,2020-10-19 14:13:09,33.03,-115.42,294.15,32,20,0.66
566,Almeirim,US,2020-10-19 14:13:09,33.03,-115.42,294.15,32,20,0.66
567,Beira,US,2020-10-19 14:13:10,33.03,-115.42,294.15,32,20,0.66
568,Holovyne,US,2020-10-19 14:13:10,33.03,-115.42,294.15,32,20,0.66
569,Road Town,US,2020-10-19 14:13:10,33.03,-115.42,294.15,32,20,0.66
570,Liepaja,US,2020-10-19 14:13:11,33.03,-115.42,294.15,32,20,0.66
571,Boffa,US,2020-10-19 14:13:10,33.03,-115.42,294.15,32,20,0.66
572,Quirinopolis,US,2020-10-19 14:13:10,33.03,-115.42,294.15,32,20,0.66
573,Mayumba,US,2020-10-19 14:13:10,33.03,-115.42,294.15,32,20,0.66
574,Nuuk,US,2020-10-19 14:13:11,33.03,-115.42,294.15,32,20,0.66
575,Gondar,US,2020-10-19 14:13:10,33.03,-115.42,294.15,32,20,0.66
576,Capiibary,US,2020-10-19 14:13:09,33.03,-115.42,294.15,32,20,0.66
577,Inongo,US,2020-10-19 14:13:11,33.03,-115.42,294.15,32,20,0.66
578,Streator,US,2020-10-19 14:13:11,33.03,-115.42,294.15,32,20,0.66
579,Nador,US,2020-10-19 14:13:10,33.03,-115.42,294.15,32,20,0.66
580,Swan Hill,US,2020-10-19 14:13:11,33.03,-115.42,294.15,32,20,0.66
581,Selma,US,2020-10-19 14:13:10,33.03,-115.42,294.15,32,20,0.66
582,Areia Branca,US,2020-10-19 14:13:10,33.03,-115.42,294.15,32,20,0.66
583,Mehamn,US,2020-10-19 14:13:10,33.03,-115.42,294.15,32,20,0.66
584,Wamba,US,2020-10-19 14:13:10,33.03,-115.42,294.15,32,20,0.66
585,Xichang,US,2020-10-19 14:13:11,33.03,-115.42,294.15,32,20,0.66
586,Aktash,US,2020-10-19 14:13:10,33.03,-115.42,294.15,32,20,0.66
587,Salinas,US,2020-10-19 14:13:11,33.03,-115.42,294.15,32,20,0.66
588,Qaqortoq,US,2020-10-19 14:13:10,33.03,-115.42,294.15,32,20,0.66
589,Nacozari,US,2020-10-19 14:13:10,33.03,-115.42,294.15,32,20,0.66
590,Mora,US,2020-10-19 14:13:10,33.03,-115.42,294.15,32,20,0.66
591,Ryotsu,US,2020-10-19 14:13:10,33.03,-115.42,294.15,32,20,0.66
592,Gouyave,US,2020-10-19 14:13:09,33.03,-115.42,294.15,32,20,0.66
593,Murgab,US,2020-10-19 14:13:09,33.03,-115.42,294.15,32,20,0.66
594,Conakry,US,2020-10-19 14:13:10,33.03,-115.42,294.15,32,20,0.66
595,Kuli,US,2020-10-19 14:13:10,33.03,-115.42,294.15,32,20,0.66
596,Zhezkazgan,US,2020-10-19 14:13:10,33.03,-115.42,294.15,32,20,0.66
597,Amazar,US,2020-10-19 14:13:09,33.03,-115.42,294.15,32,20,0.66
598,Golfito,US,2020-10-19 14:13:10,33.03,-115.42,294.15,32,20,0.66
599,Havelock,US,2020-10-19 14:13:09,33.03,-115.42,294.15,32,20,0.66
600,Yomitan,US,2020-10-19 14:13:10,33.03,-115.42,294.15,32,20,0.66
601,Honningsvag,US,2020-10-19 14:13:09,33.03,-115.42,294.15,32,20,0.66
602,North Adams,US,2020-10-19 14:13:09,33.03,-115.42,294.15,32,20,0.66
603,Kajaani,US,2020-10-19 14:13:11,33.03,-115.42,294.15,32,20,0.66
